case_id,family,n_vars,n_clauses,width,status,witness,assignments,nodes,decisions,propagations,conflicts,literal_checks,xor_source_rows,xor_source_literals,xor_calls,xor_row_checks,xor_pairs,xor_pair_bit_volume,xor_derived,xor_peak_rows,xor_cutoffs,xor_forced
mixed-n6-s0,mixed,6,24,0,UNSAT,,0,13,6,14,7,779,3,9,0,0,0,0,0,0,0,0
mixed-n6-s0,mixed,6,24,2,UNSAT,,0,13,6,14,7,779,3,9,6,18,6,27,2,3,0,0
mixed-n6-s0,mixed,6,24,3,UNSAT,,0,7,3,12,4,635,3,9,5,15,87,483,17,7,0,2
mixed-n6-s0,mixed,6,24,4,UNSAT,,0,7,3,12,4,635,3,9,5,15,105,591,20,7,0,2
planted-n6-s0,planted,6,24,0,SAT,101100,0,3,2,4,0,214,3,9,0,0,0,0,0,0,0,0
planted-n6-s0,planted,6,24,2,SAT,101100,0,3,2,4,0,214,3,9,2,6,3,12,1,3,0,0
planted-n6-s0,planted,6,24,3,SAT,101100,0,2,1,5,0,214,3,9,2,6,36,207,7,7,0,1
planted-n6-s0,planted,6,24,4,SAT,101100,0,2,1,5,0,214,3,9,2,6,42,243,8,7,0,1
cnf-only-n6-s0,cnf-only,6,24,0,SAT,000000,0,3,2,4,0,211,0,0,0,0,0,0,0,0,0,0
cnf-only-n6-s0,cnf-only,6,24,2,SAT,000000,0,3,2,4,0,211,0,0,0,0,0,0,0,0,0,0
cnf-only-n6-s0,cnf-only,6,24,3,SAT,000000,0,3,2,4,0,211,0,0,0,0,0,0,0,0,0,0
cnf-only-n6-s0,cnf-only,6,24,4,SAT,000000,0,3,2,4,0,211,0,0,0,0,0,0,0,0,0,0
mixed-n6-s1,mixed,6,24,0,SAT,101111,0,11,5,14,5,688,3,9,0,0,0,0,0,0,0,0
mixed-n6-s1,mixed,6,24,2,SAT,101111,0,11,5,14,5,688,3,9,5,15,18,99,4,6,0,0
mixed-n6-s1,mixed,6,24,3,SAT,101111,0,9,4,13,4,636,3,9,5,15,81,453,16,7,0,1
mixed-n6-s1,mixed,6,24,4,SAT,101111,0,9,4,13,4,636,3,9,5,15,105,597,20,7,0,1
planted-n6-s1,planted,6,24,0,SAT,011110,0,3,2,4,0,184,3,9,0,0,0,0,0,0,0,0
planted-n6-s1,planted,6,24,2,SAT,011110,0,3,2,4,0,184,3,9,2,6,3,12,1,3,0,0
planted-n6-s1,planted,6,24,3,SAT,011110,0,3,2,4,0,184,3,9,2,6,21,114,4,6,0,0
planted-n6-s1,planted,6,24,4,SAT,011110,0,3,2,4,0,184,3,9,2,6,30,168,6,6,0,0
cnf-only-n6-s1,cnf-only,6,24,0,SAT,100000,0,3,2,3,0,214,0,0,0,0,0,0,0,0,0,0
cnf-only-n6-s1,cnf-only,6,24,2,SAT,100000,0,3,2,3,0,214,0,0,0,0,0,0,0,0,0,0
cnf-only-n6-s1,cnf-only,6,24,3,SAT,100000,0,3,2,3,0,214,0,0,0,0,0,0,0,0,0,0
cnf-only-n6-s1,cnf-only,6,24,4,SAT,100000,0,3,2,3,0,214,0,0,0,0,0,0,0,0,0,0
mixed-n6-s2,mixed,6,24,0,SAT,010110,0,4,2,7,1,351,3,9,0,0,0,0,0,0,0,0
mixed-n6-s2,mixed,6,24,2,SAT,010110,0,4,2,7,1,351,3,9,2,6,0,0,0,0,0,0
mixed-n6-s2,mixed,6,24,3,SAT,010110,0,4,2,7,1,351,3,9,2,6,30,144,6,6,0,0
mixed-n6-s2,mixed,6,24,4,SAT,010110,0,4,2,7,1,351,3,9,2,6,42,204,8,7,0,0
planted-n6-s2,planted,6,24,0,SAT,001100,0,3,2,4,0,209,3,9,0,0,0,0,0,0,0,0
planted-n6-s2,planted,6,24,2,SAT,001100,0,3,2,4,0,209,3,9,2,6,1,6,0,2,0,0
planted-n6-s2,planted,6,24,3,SAT,001100,0,3,2,4,0,233,3,9,3,9,13,72,2,5,0,1
planted-n6-s2,planted,6,24,4,SAT,001100,0,3,2,4,0,233,3,9,3,9,24,138,4,7,0,1
cnf-only-n6-s2,cnf-only,6,24,0,SAT,110000,0,6,3,9,2,475,0,0,0,0,0,0,0,0,0,0
cnf-only-n6-s2,cnf-only,6,24,2,SAT,110000,0,6,3,9,2,475,0,0,0,0,0,0,0,0,0,0
cnf-only-n6-s2,cnf-only,6,24,3,SAT,110000,0,6,3,9,2,475,0,0,0,0,0,0,0,0,0,0
cnf-only-n6-s2,cnf-only,6,24,4,SAT,110000,0,6,3,9,2,475,0,0,0,0,0,0,0,0,0,0
mixed-n6-s3,mixed,6,24,0,SAT,101100,0,3,2,4,0,244,3,9,0,0,0,0,0,0,0,0
mixed-n6-s3,mixed,6,24,2,SAT,101100,0,3,2,4,0,244,3,9,2,6,0,0,0,1,0,0
mixed-n6-s3,mixed,6,24,3,SAT,101100,0,3,2,4,0,245,3,9,3,9,19,99,4,5,0,1
mixed-n6-s3,mixed,6,24,4,SAT,101100,0,3,2,4,0,245,3,9,3,9,39,204,8,7,0,1
planted-n6-s3,planted,6,24,0,SAT,000001,0,4,3,3,0,230,3,9,0,0,0,0,0,0,0,0
planted-n6-s3,planted,6,24,2,SAT,000001,0,4,3,3,0,230,3,9,3,9,3,15,1,3,0,0
planted-n6-s3,planted,6,24,3,SAT,000001,0,4,3,3,0,230,3,9,3,9,7,35,2,3,0,0
planted-n6-s3,planted,6,24,4,SAT,000001,0,4,3,3,0,230,3,9,3,9,9,45,3,3,0,0
cnf-only-n6-s3,cnf-only,6,24,0,SAT,100000,0,5,3,3,1,247,0,0,0,0,0,0,0,0,0,0
cnf-only-n6-s3,cnf-only,6,24,2,SAT,100000,0,5,3,3,1,247,0,0,0,0,0,0,0,0,0,0
cnf-only-n6-s3,cnf-only,6,24,3,SAT,100000,0,5,3,3,1,247,0,0,0,0,0,0,0,0,0,0
cnf-only-n6-s3,cnf-only,6,24,4,SAT,100000,0,5,3,3,1,247,0,0,0,0,0,0,0,0,0,0
mixed-n6-s4,mixed,6,24,0,SAT,100110,0,3,2,3,0,171,3,9,0,0,0,0,0,0,0,0
mixed-n6-s4,mixed,6,24,2,SAT,100110,0,3,2,3,0,171,3,9,2,6,3,15,1,3,0,0
mixed-n6-s4,mixed,6,24,3,SAT,100110,0,3,2,3,0,197,3,9,3,9,39,191,8,7,0,1
mixed-n6-s4,mixed,6,24,4,SAT,100110,0,3,2,3,0,197,3,9,3,9,45,219,9,7,0,1
planted-n6-s4,planted,6,24,0,SAT,000100,0,3,2,3,0,184,3,9,0,0,0,0,0,0,0,0
planted-n6-s4,planted,6,24,2,SAT,000100,0,3,2,3,0,184,3,9,2,6,3,12,1,3,0,0
planted-n6-s4,planted,6,24,3,SAT,000100,0,2,1,4,0,200,3,9,2,6,36,174,7,7,0,1
planted-n6-s4,planted,6,24,4,SAT,000100,0,2,1,4,0,200,3,9,2,6,42,204,8,7,0,1
cnf-only-n6-s4,cnf-only,6,24,0,SAT,001101,0,5,3,4,1,313,0,0,0,0,0,0,0,0,0,0
cnf-only-n6-s4,cnf-only,6,24,2,SAT,001101,0,5,3,4,1,313,0,0,0,0,0,0,0,0,0,0
cnf-only-n6-s4,cnf-only,6,24,3,SAT,001101,0,5,3,4,1,313,0,0,0,0,0,0,0,0,0,0
cnf-only-n6-s4,cnf-only,6,24,4,SAT,001101,0,5,3,4,1,313,0,0,0,0,0,0,0,0,0,0
mixed-n6-s5,mixed,6,24,0,UNSAT,,0,7,3,10,4,507,3,9,0,0,0,0,0,0,0,0
mixed-n6-s5,mixed,6,24,2,UNSAT,,0,7,3,10,4,507,3,9,3,9,0,0,0,1,0,0
mixed-n6-s5,mixed,6,24,3,UNSAT,,0,3,1,5,2,324,3,9,3,9,30,165,6,5,0,2
mixed-n6-s5,mixed,6,24,4,UNSAT,,0,3,1,5,2,324,3,9,3,9,45,255,9,6,0,2
planted-n6-s5,planted,6,24,0,SAT,101000,0,3,2,4,0,244,3,9,0,0,0,0,0,0,0,0
planted-n6-s5,planted,6,24,2,SAT,101000,0,3,2,4,0,244,3,9,2,6,0,0,0,1,0,0
planted-n6-s5,planted,6,24,3,SAT,101000,0,3,2,4,0,243,3,9,3,9,19,99,4,5,0,1
planted-n6-s5,planted,6,24,4,SAT,101000,0,3,2,4,0,243,3,9,3,9,39,219,8,7,0,1
cnf-only-n6-s5,cnf-only,6,24,0,SAT,110011,0,8,4,14,3,514,0,0,0,0,0,0,0,0,0,0
cnf-only-n6-s5,cnf-only,6,24,2,SAT,110011,0,8,4,14,3,514,0,0,0,0,0,0,0,0,0,0
cnf-only-n6-s5,cnf-only,6,24,3,SAT,110011,0,8,4,14,3,514,0,0,0,0,0,0,0,0,0,0
cnf-only-n6-s5,cnf-only,6,24,4,SAT,110011,0,8,4,14,3,514,0,0,0,0,0,0,0,0,0,0
mixed-n6-s6,mixed,6,24,0,SAT,001010,0,3,2,4,0,242,3,9,0,0,0,0,0,0,0,0
mixed-n6-s6,mixed,6,24,2,SAT,001010,0,3,2,4,0,242,3,9,2,6,0,0,0,0,0,0
mixed-n6-s6,mixed,6,24,3,SAT,001010,0,5,3,5,1,298,3,9,4,12,19,113,2,5,0,1
mixed-n6-s6,mixed,6,24,4,SAT,001010,0,5,3,5,1,298,3,9,4,12,30,177,4,7,0,1
planted-n6-s6,planted,6,24,0,SAT,001010,0,4,2,7,1,306,3,9,0,0,0,0,0,0,0,0
planted-n6-s6,planted,6,24,2,SAT,001010,0,4,2,7,1,306,3,9,2,6,0,0,0,1,0,0
planted-n6-s6,planted,6,24,3,SAT,001010,0,4,2,7,1,314,3,9,3,9,19,107,4,5,0,1
planted-n6-s6,planted,6,24,4,SAT,001010,0,4,2,7,1,314,3,9,3,9,39,225,8,7,0,1
cnf-only-n6-s6,cnf-only,6,24,0,SAT,100011,0,8,4,12,3,536,0,0,0,0,0,0,0,0,0,0
cnf-only-n6-s6,cnf-only,6,24,2,SAT,100011,0,8,4,12,3,536,0,0,0,0,0,0,0,0,0,0
cnf-only-n6-s6,cnf-only,6,24,3,SAT,100011,0,8,4,12,3,536,0,0,0,0,0,0,0,0,0,0
cnf-only-n6-s6,cnf-only,6,24,4,SAT,100011,0,8,4,12,3,536,0,0,0,0,0,0,0,0,0,0
mixed-n6-s7,mixed,6,24,0,SAT,100011,0,4,2,8,1,293,3,9,0,0,0,0,0,0,0,0
mixed-n6-s7,mixed,6,24,2,SAT,100011,0,4,2,8,1,293,3,9,2,6,0,0,0,1,0,0
mixed-n6-s7,mixed,6,24,3,SAT,100011,0,4,2,6,1,243,3,9,3,9,30,174,6,6,0,2
mixed-n6-s7,mixed,6,24,4,SAT,100011,0,4,2,6,1,243,3,9,3,9,36,210,7,7,0,2
planted-n6-s7,planted,6,24,0,SAT,001001,0,3,2,3,0,188,3,9,0,0,0,0,0,0,0,0
planted-n6-s7,planted,6,24,2,SAT,001001,0,3,2,3,0,188,3,9,2,6,15,87,3,6,0,0
planted-n6-s7,planted,6,24,3,SAT,001001,0,3,2,3,0,188,3,9,2,6,30,174,6,6,0,0
planted-n6-s7,planted,6,24,4,SAT,001001,0,3,2,3,0,188,3,9,2,6,36,210,7,7,0,0
cnf-only-n6-s7,cnf-only,6,24,0,SAT,111000,0,9,5,12,3,573,0,0,0,0,0,0,0,0,0,0
cnf-only-n6-s7,cnf-only,6,24,2,SAT,111000,0,9,5,12,3,573,0,0,0,0,0,0,0,0,0,0
cnf-only-n6-s7,cnf-only,6,24,3,SAT,111000,0,9,5,12,3,573,0,0,0,0,0,0,0,0,0,0
cnf-only-n6-s7,cnf-only,6,24,4,SAT,111000,0,9,5,12,3,573,0,0,0,0,0,0,0,0,0,0
cycle-n6-0,cycle,6,12,0,SAT,000000,0,2,1,5,0,92,6,12,0,0,0,0,0,0,0,0
cycle-n6-0,cycle,6,12,2,SAT,000000,0,2,1,5,0,92,6,12,1,6,105,567,9,15,0,0
cycle-n6-0,cycle,6,12,3,SAT,000000,0,2,1,5,0,92,6,12,1,6,105,567,9,15,0,0
cycle-n6-0,cycle,6,12,4,SAT,000000,0,2,1,5,0,92,6,12,1,6,435,2481,24,30,0,0
cycle-n6-1,cycle,6,12,0,UNSAT,,0,3,1,10,2,160,6,12,0,0,0,0,0,0,0,0
cycle-n6-1,cycle,6,12,2,UNSAT,,0,1,0,0,1,24,6,12,1,6,33,166,9,15,0,0
cycle-n6-1,cycle,6,12,3,UNSAT,,0,1,0,0,1,24,6,12,1,6,33,166,9,15,0,0
cycle-n6-1,cycle,6,12,4,UNSAT,,0,1,0,0,1,24,6,12,1,6,41,203,24,30,0,0
mixed-n10-s0,mixed,10,40,0,SAT,0010101100,0,19,10,40,8,2325,5,15,0,0,0,0,0,0,0,0
mixed-n10-s0,mixed,10,40,2,SAT,0010101100,0,19,10,40,8,2325,5,15,10,50,43,352,10,6,0,0
mixed-n10-s0,mixed,10,40,3,SAT,0010101100,0,9,5,19,3,1151,5,15,6,30,143,1299,21,11,0,1
mixed-n10-s0,mixed,10,40,4,SAT,0010101100,0,9,5,19,3,1151,5,15,6,30,317,2953,35,20,0,1
planted-n10-s0,planted,10,40,0,SAT,1011000110,0,5,3,11,1,798,5,15,0,0,0,0,0,0,0,0
planted-n10-s0,planted,10,40,2,SAT,1011000110,0,5,3,11,1,798,5,15,3,15,1,7,0,2,0,0
planted-n10-s0,planted,10,40,3,SAT,1011000110,0,5,3,11,1,798,5,15,3,15,227,2133,22,17,0,0
planted-n10-s0,planted,10,40,4,SAT,1011000110,0,5,3,11,1,798,5,15,3,15,586,5613,45,24,0,0
cnf-only-n10-s0,cnf-only,10,40,0,SAT,1000000000,0,7,5,4,1,575,0,0,0,0,0,0,0,0,0,0
cnf-only-n10-s0,cnf-only,10,40,2,SAT,1000000000,0,7,5,4,1,575,0,0,0,0,0,0,0,0,0,0
cnf-only-n10-s0,cnf-only,10,40,3,SAT,1000000000,0,7,5,4,1,575,0,0,0,0,0,0,0,0,0,0
cnf-only-n10-s0,cnf-only,10,40,4,SAT,1000000000,0,7,5,4,1,575,0,0,0,0,0,0,0,0,0,0
mixed-n10-s1,mixed,10,40,0,SAT,1101101100,0,16,9,26,6,1937,5,15,0,0,0,0,0,0,0,0
mixed-n10-s1,mixed,10,40,2,SAT,1101101100,0,16,9,26,6,1937,5,15,9,45,15,146,2,4,0,0
mixed-n10-s1,mixed,10,40,3,SAT,1101101100,0,6,3,12,2,829,5,15,4,20,128,1175,14,11,0,1
mixed-n10-s1,mixed,10,40,4,SAT,1101101100,0,6,3,12,2,829,5,15,4,20,300,2835,27,20,0,1
planted-n10-s1,planted,10,40,0,SAT,0111100001,0,3,2,8,0,572,5,15,0,0,0,0,0,0,0,0
planted-n10-s1,planted,10,40,2,SAT,0111100001,0,3,2,8,0,572,5,15,2,10,0,0,0,0,0,0
planted-n10-s1,planted,10,40,3,SAT,0111100001,0,2,1,9,0,568,5,15,2,10,83,789,9,11,0,1
planted-n10-s1,planted,10,40,4,SAT,0111100001,0,2,1,9,0,568,5,15,2,10,245,2373,21,20,0,1
cnf-only-n10-s1,cnf-only,10,40,0,SAT,1000100000,0,4,3,7,0,560,0,0,0,0,0,0,0,0,0,0
cnf-only-n10-s1,cnf-only,10,40,2,SAT,1000100000,0,4,3,7,0,560,0,0,0,0,0,0,0,0,0,0
cnf-only-n10-s1,cnf-only,10,40,3,SAT,1000100000,0,4,3,7,0,560,0,0,0,0,0,0,0,0,0,0
cnf-only-n10-s1,cnf-only,10,40,4,SAT,1000100000,0,4,3,7,0,560,0,0,0,0,0,0,0,0,0,0
mixed-n10-s2,mixed,10,40,0,SAT,1010111001,0,4,2,10,1,682,5,15,0,0,0,0,0,0,0,0
mixed-n10-s2,mixed,10,40,2,SAT,1010111001,0,4,2,10,1,682,5,15,2,10,3,24,1,3,0,0
mixed-n10-s2,mixed,10,40,3,SAT,1010111001,0,4,2,10,1,682,5,15,2,10,76,744,8,11,0,0
mixed-n10-s2,mixed,10,40,4,SAT,1010111001,0,4,2,10,1,682,5,15,2,10,310,2866,26,20,0,0
planted-n10-s2,planted,10,40,0,SAT,1111000010,0,3,2,8,0,561,5,15,0,0,0,0,0,0,0,0
planted-n10-s2,planted,10,40,2,SAT,1111000010,0,3,2,8,0,561,5,15,2,10,0,0,0,1,0,0
planted-n10-s2,planted,10,40,3,SAT,1111000010,0,3,2,8,0,561,5,15,2,10,64,630,7,9,0,0
planted-n10-s2,planted,10,40,4,SAT,1111000010,0,3,2,8,0,561,5,15,2,10,281,2601,24,20,0,0
cnf-only-n10-s2,cnf-only,10,40,0,SAT,0010000001,0,6,4,7,1,634,0,0,0,0,0,0,0,0,0,0
cnf-only-n10-s2,cnf-only,10,40,2,SAT,0010000001,0,6,4,7,1,634,0,0,0,0,0,0,0,0,0,0
cnf-only-n10-s2,cnf-only,10,40,3,SAT,0010000001,0,6,4,7,1,634,0,0,0,0,0,0,0,0,0,0
cnf-only-n10-s2,cnf-only,10,40,4,SAT,0010000001,0,6,4,7,1,634,0,0,0,0,0,0,0,0,0,0
mixed-n10-s3,mixed,10,40,0,SAT,1010001010,0,11,6,25,4,1130,5,15,0,0,0,0,0,0,0,0
mixed-n10-s3,mixed,10,40,2,SAT,1010001010,0,7,4,11,2,778,5,15,5,25,60,557,12,10,0,0
mixed-n10-s3,mixed,10,40,3,SAT,1010001010,0,4,3,7,0,505,5,15,4,20,271,2422,27,17,0,1
mixed-n10-s3,mixed,10,40,4,SAT,1010001010,0,4,3,7,0,505,5,15,4,20,496,4520,43,22,0,1
planted-n10-s3,planted,10,40,0,SAT,0110011011,0,12,6,28,5,1557,5,15,0,0,0,0,0,0,0,0
planted-n10-s3,planted,10,40,2,SAT,0110011011,0,10,5,20,4,1391,5,15,6,30,24,182,3,7,0,0
planted-n10-s3,planted,10,40,3,SAT,0110011011,0,3,1,10,1,513,5,15,2,10,61,511,6,11,0,2
planted-n10-s3,planted,10,40,4,SAT,0110011011,0,3,1,10,1,513,5,15,2,10,174,1490,16,18,0,2
cnf-only-n10-s3,cnf-only,10,40,0,SAT,0100000000,0,6,5,5,0,503,0,0,0,0,0,0,0,0,0,0
cnf-only-n10-s3,cnf-only,10,40,2,SAT,0100000000,0,6,5,5,0,503,0,0,0,0,0,0,0,0,0,0
cnf-only-n10-s3,cnf-only,10,40,3,SAT,0100000000,0,6,5,5,0,503,0,0,0,0,0,0,0,0,0,0
cnf-only-n10-s3,cnf-only,10,40,4,SAT,0100000000,0,6,5,5,0,503,0,0,0,0,0,0,0,0,0,0
mixed-n10-s4,mixed,10,40,0,SAT,0111000000,0,8,5,14,2,1164,5,15,0,0,0,0,0,0,0,0
mixed-n10-s4,mixed,10,40,2,SAT,0111000000,0,8,5,14,2,1164,5,15,5,25,16,132,3,6,0,0
mixed-n10-s4,mixed,10,40,3,SAT,0111000000,0,5,3,10,1,806,5,15,5,25,312,2568,33,15,0,2
mixed-n10-s4,mixed,10,40,4,SAT,0111000000,0,5,3,10,1,806,5,15,5,25,727,5769,61,22,0,2
planted-n10-s4,planted,10,40,0,SAT,0001000000,0,5,4,6,0,525,5,15,0,0,0,0,0,0,0,0
planted-n10-s4,planted,10,40,2,SAT,0001000000,0,5,4,6,0,525,5,15,4,20,12,118,2,4,0,0
planted-n10-s4,planted,10,40,3,SAT,0001000000,0,5,4,6,0,525,5,15,4,20,135,1212,15,13,0,0
planted-n10-s4,planted,10,40,4,SAT,0001000000,0,5,4,6,0,525,5,15,4,20,315,2958,32,18,0,0
cnf-only-n10-s4,cnf-only,10,40,0,SAT,1010000010,0,5,3,9,1,706,0,0,0,0,0,0,0,0,0,0
cnf-only-n10-s4,cnf-only,10,40,2,SAT,1010000010,0,5,3,9,1,706,0,0,0,0,0,0,0,0,0,0
cnf-only-n10-s4,cnf-only,10,40,3,SAT,1010000010,0,5,3,9,1,706,0,0,0,0,0,0,0,0,0,0
cnf-only-n10-s4,cnf-only,10,40,4,SAT,1010000010,0,5,3,9,1,706,0,0,0,0,0,0,0,0,0,0
mixed-n10-s5,mixed,10,40,0,SAT,1001011010,0,4,3,7,0,543,5,15,0,0,0,0,0,0,0,0
mixed-n10-s5,mixed,10,40,2,SAT,1001011010,0,4,3,7,0,543,5,15,3,15,4,36,0,3,0,0
mixed-n10-s5,mixed,10,40,3,SAT,1001011010,0,4,3,7,0,543,5,15,3,15,93,880,10,11,0,0
mixed-n10-s5,mixed,10,40,4,SAT,1001011010,0,4,3,7,0,543,5,15,3,15,401,3869,36,20,0,0
planted-n10-s5,planted,10,40,0,SAT,0000111100,0,4,3,7,0,459,5,15,0,0,0,0,0,0,0,0
planted-n10-s5,planted,10,40,2,SAT,0000111100,0,4,3,7,0,459,5,15,3,15,21,204,4,6,0,0
planted-n10-s5,planted,10,40,3,SAT,0000111100,0,4,3,7,0,459,5,15,3,15,66,625,8,9,0,0
planted-n10-s5,planted,10,40,4,SAT,0000111100,0,4,3,7,0,459,5,15,3,15,265,2530,26,18,0,0
cnf-only-n10-s5,cnf-only,10,40,0,SAT,1100100100,0,10,7,6,2,753,0,0,0,0,0,0,0,0,0,0
cnf-only-n10-s5,cnf-only,10,40,2,SAT,1100100100,0,10,7,6,2,753,0,0,0,0,0,0,0,0,0,0
cnf-only-n10-s5,cnf-only,10,40,3,SAT,1100100100,0,10,7,6,2,753,0,0,0,0,0,0,0,0,0,0
cnf-only-n10-s5,cnf-only,10,40,4,SAT,1100100100,0,10,7,6,2,753,0,0,0,0,0,0,0,0,0,0
mixed-n10-s6,mixed,10,40,0,SAT,0000101110,0,12,6,27,5,1583,5,15,0,0,0,0,0,0,0,0
mixed-n10-s6,mixed,10,40,2,SAT,0000101110,0,12,6,27,5,1583,5,15,6,30,63,605,10,7,0,0
mixed-n10-s6,mixed,10,40,3,SAT,0000101110,0,2,1,8,0,594,5,15,2,10,83,795,9,11,0,1
mixed-n10-s6,mixed,10,40,4,SAT,0000101110,0,2,1,8,0,594,5,15,2,10,245,2381,21,20,0,1
planted-n10-s6,planted,10,40,0,SAT,1100010000,0,5,4,5,0,482,5,15,0,0,0,0,0,0,0,0
planted-n10-s6,planted,10,40,2,SAT,1100010000,0,5,4,5,0,482,5,15,4,20,22,183,4,6,0,0
planted-n10-s6,planted,10,40,3,SAT,1100010000,0,5,4,5,0,482,5,15,4,20,158,1319,16,15,0,0
planted-n10-s6,planted,10,40,4,SAT,1100010000,0,5,4,5,0,482,5,15,4,20,592,5159,48,24,0,0
cnf-only-n10-s6,cnf-only,10,40,0,SAT,0100100011,0,13,7,25,5,1695,0,0,0,0,0,0,0,0,0,0
cnf-only-n10-s6,cnf-only,10,40,2,SAT,0100100011,0,13,7,25,5,1695,0,0,0,0,0,0,0,0,0,0
cnf-only-n10-s6,cnf-only,10,40,3,SAT,0100100011,0,13,7,25,5,1695,0,0,0,0,0,0,0,0,0,0
cnf-only-n10-s6,cnf-only,10,40,4,SAT,0100100011,0,13,7,25,5,1695,0,0,0,0,0,0,0,0,0,0
mixed-n10-s7,mixed,10,40,0,SAT,0011011111,0,7,4,11,2,885,5,15,0,0,0,0,0,0,0,0
mixed-n10-s7,mixed,10,40,2,SAT,0011011111,0,7,4,11,2,885,5,15,4,20,13,124,2,4,0,0
mixed-n10-s7,mixed,10,40,3,SAT,0011011111,0,4,2,11,1,692,5,15,5,25,285,2665,29,15,0,5
mixed-n10-s7,mixed,10,40,4,SAT,0011011111,0,4,2,11,1,692,5,15,5,25,567,5394,47,24,0,5
planted-n10-s7,planted,10,40,0,SAT,0100000110,0,6,3,11,2,879,5,15,0,0,0,0,0,0,0,0
planted-n10-s7,planted,10,40,2,SAT,0100000110,0,6,3,11,2,879,5,15,3,15,15,129,2,6,0,0
planted-n10-s7,planted,10,40,3,SAT,0100000110,0,4,2,8,1,455,5,15,3,15,225,1866,18,21,0,2
planted-n10-s7,planted,10,40,4,SAT,0100000110,0,4,2,8,1,455,5,15,3,15,399,3348,26,28,0,2
cnf-only-n10-s7,cnf-only,10,40,0,SAT,1111010000,0,11,5,23,5,1633,0,0,0,0,0,0,0,0,0,0
cnf-only-n10-s7,cnf-only,10,40,2,SAT,1111010000,0,11,5,23,5,1633,0,0,0,0,0,0,0,0,0,0
cnf-only-n10-s7,cnf-only,10,40,3,SAT,1111010000,0,11,5,23,5,1633,0,0,0,0,0,0,0,0,0,0
cnf-only-n10-s7,cnf-only,10,40,4,SAT,1111010000,0,11,5,23,5,1633,0,0,0,0,0,0,0,0,0,0
cycle-n10-0,cycle,10,20,0,SAT,0000000000,0,2,1,9,0,232,10,20,0,0,0,0,0,0,0,0
cycle-n10-0,cycle,10,20,2,SAT,0000000000,0,2,1,9,0,232,10,20,1,10,990,8514,35,45,0,0
cycle-n10-0,cycle,10,20,3,SAT,0000000000,0,2,1,9,0,232,10,20,1,10,990,8514,35,45,0,0
cycle-n10-0,cycle,10,20,4,SAT,0000000000,0,2,1,9,0,232,10,20,1,10,20000,187207,245,255,1,0
cycle-n10-1,cycle,10,20,0,UNSAT,,0,3,1,18,2,424,10,20,0,0,0,0,0,0,0,0
cycle-n10-1,cycle,10,20,2,UNSAT,,0,1,0,0,1,40,10,20,1,10,269,2198,35,45,0,0
cycle-n10-1,cycle,10,20,3,UNSAT,,0,1,0,0,1,40,10,20,1,10,269,2198,35,45,0,0
cycle-n10-1,cycle,10,20,4,UNSAT,,0,1,0,0,1,40,10,20,1,10,2587,23167,245,255,0,0
mixed-n14-s0,mixed,14,56,0,SAT,00010101001011,0,13,7,37,5,2714,7,21,0,0,0,0,0,0,0,0
mixed-n14-s0,mixed,14,56,2,SAT,00010101001011,0,11,6,30,4,2510,7,21,7,49,27,261,6,8,0,0
mixed-n14-s0,mixed,14,56,3,SAT,00010101001011,0,9,5,32,3,2421,7,21,6,42,1499,18474,84,33,0,2
mixed-n14-s0,mixed,14,56,4,SAT,00010101001011,0,9,5,32,3,2421,7,21,6,42,4944,62873,191,48,0,2
planted-n14-s0,planted,14,56,0,SAT,01000110111010,0,16,9,36,6,2664,7,21,0,0,0,0,0,0,0,0
planted-n14-s0,planted,14,56,2,SAT,01000110111010,0,8,5,16,2,1422,7,21,6,41,195,2241,22,15,0,0
planted-n14-s0,planted,14,56,3,SAT,01000110111010,0,5,3,17,1,1087,7,21,4,28,552,6581,42,24,0,2
planted-n14-s0,planted,14,56,4,SAT,01000110111010,0,5,3,17,1,1087,7,21,4,28,2603,33403,115,51,0,2
cnf-only-n14-s0,cnf-only,14,56,0,SAT,00100000011000,0,13,8,20,4,1649,0,0,0,0,0,0,0,0,0,0
cnf-only-n14-s0,cnf-only,14,56,2,SAT,00100000011000,0,13,8,20,4,1649,0,0,0,0,0,0,0,0,0,0
cnf-only-n14-s0,cnf-only,14,56,3,SAT,00100000011000,0,13,8,20,4,1649,0,0,0,0,0,0,0,0,0,0
cnf-only-n14-s0,cnf-only,14,56,4,SAT,00100000011000,0,13,8,20,4,1649,0,0,0,0,0,0,0,0,0,0
mixed-n14-s1,mixed,14,56,0,SAT,01000100001001,0,6,4,11,1,999,7,21,0,0,0,0,0,0,0,0
mixed-n14-s1,mixed,14,56,2,SAT,01000100001001,0,6,4,11,1,999,7,21,4,28,28,347,4,7,0,0
mixed-n14-s1,mixed,14,56,3,SAT,01000100001001,0,6,4,11,1,999,7,21,4,28,406,5161,29,21,0,0
mixed-n14-s1,mixed,14,56,4,SAT,01000100001001,0,6,4,11,1,999,7,21,4,28,1339,17359,76,36,0,0
planted-n14-s1,planted,14,56,0,SAT,01001000010001,0,5,4,9,0,990,7,21,0,0,0,0,0,0,0,0
planted-n14-s1,planted,14,56,2,SAT,01001000010001,0,5,4,9,0,990,7,21,4,28,4,55,1,3,0,0
planted-n14-s1,planted,14,56,3,SAT,01001000010001,0,5,4,9,0,924,7,21,5,35,429,5185,35,19,0,3
planted-n14-s1,planted,14,56,4,SAT,01001000010001,0,5,4,9,0,924,7,21,5,35,1783,23073,89,38,0,3
cnf-only-n14-s1,cnf-only,14,56,0,SAT,00100011011011,0,20,10,60,9,4254,0,0,0,0,0,0,0,0,0,0
cnf-only-n14-s1,cnf-only,14,56,2,SAT,00100011011011,0,20,10,60,9,4254,0,0,0,0,0,0,0,0,0,0
cnf-only-n14-s1,cnf-only,14,56,3,SAT,00100011011011,0,20,10,60,9,4254,0,0,0,0,0,0,0,0,0,0
cnf-only-n14-s1,cnf-only,14,56,4,SAT,00100011011011,0,20,10,60,9,4254,0,0,0,0,0,0,0,0,0,0
mixed-n14-s2,mixed,14,56,0,SAT,00100001110001,0,10,6,25,3,2028,7,21,0,0,0,0,0,0,0,0
mixed-n14-s2,mixed,14,56,2,SAT,00100001110001,0,10,6,25,3,2028,7,21,6,42,121,1519,17,11,0,0
mixed-n14-s2,mixed,14,56,3,SAT,00100001110001,0,7,4,21,2,1522,7,21,6,42,918,11776,66,26,0,2
mixed-n14-s2,mixed,14,56,4,SAT,00100001110001,0,7,4,21,2,1522,7,21,6,42,2473,32257,133,37,0,2
planted-n14-s2,planted,14,56,0,SAT,10110000101001,0,16,9,52,6,3943,7,21,0,0,0,0,0,0,0,0
planted-n14-s2,planted,14,56,2,SAT,10110000101001,0,16,9,52,6,3943,7,21,9,63,100,1015,12,11,0,0
planted-n14-s2,planted,14,56,3,SAT,00011101111001,0,13,7,47,5,3568,7,21,8,56,1074,11849,70,26,0,1
planted-n14-s2,planted,14,56,4,SAT,00011101111001,0,13,7,47,5,3568,7,21,8,56,3626,41685,183,43,0,1
cnf-only-n14-s2,cnf-only,14,56,0,SAT,00100010010110,0,6,4,21,1,1567,0,0,0,0,0,0,0,0,0,0
cnf-only-n14-s2,cnf-only,14,56,2,SAT,00100010010110,0,6,4,21,1,1567,0,0,0,0,0,0,0,0,0,0
cnf-only-n14-s2,cnf-only,14,56,3,SAT,00100010010110,0,6,4,21,1,1567,0,0,0,0,0,0,0,0,0,0
cnf-only-n14-s2,cnf-only,14,56,4,SAT,00100010010110,0,6,4,21,1,1567,0,0,0,0,0,0,0,0,0,0
mixed-n14-s3,mixed,14,56,0,SAT,00110101101111,0,13,7,42,5,3357,7,21,0,0,0,0,0,0,0,0
mixed-n14-s3,mixed,14,56,2,SAT,00110101101111,0,13,7,42,5,3357,7,21,7,49,57,719,6,7,0,0
mixed-n14-s3,mixed,14,56,3,SAT,00110101101111,0,11,6,40,4,3095,7,21,8,56,1469,19274,87,31,0,4
mixed-n14-s3,mixed,14,56,4,SAT,00110101101111,0,11,6,40,4,3095,7,21,8,56,7487,99904,283,62,0,4
planted-n14-s3,planted,14,56,0,SAT,00100110100101,0,21,12,46,8,4198,7,21,0,0,0,0,0,0,0,0
planted-n14-s3,planted,14,56,2,SAT,00100110100101,0,21,12,46,8,4198,7,21,12,84,342,3774,39,15,0,0
planted-n14-s3,planted,14,56,3,SAT,00100110100101,0,7,4,29,2,1793,7,21,6,42,1994,25480,101,38,0,4
planted-n14-s3,planted,14,56,4,SAT,00100110100101,0,7,4,29,2,1793,7,21,6,42,5462,71664,182,63,0,4
cnf-only-n14-s3,cnf-only,14,56,0,UNSAT,,0,11,5,41,6,3747,0,0,0,0,0,0,0,0,0,0
cnf-only-n14-s3,cnf-only,14,56,2,UNSAT,,0,11,5,41,6,3747,0,0,0,0,0,0,0,0,0,0
cnf-only-n14-s3,cnf-only,14,56,3,UNSAT,,0,11,5,41,6,3747,0,0,0,0,0,0,0,0,0,0
cnf-only-n14-s3,cnf-only,14,56,4,UNSAT,,0,11,5,41,6,3747,0,0,0,0,0,0,0,0,0,0
mixed-n14-s4,mixed,14,56,0,SAT,11101000100110,0,11,6,32,4,2794,7,21,0,0,0,0,0,0,0,0
mixed-n14-s4,mixed,14,56,2,SAT,11101000100110,0,11,6,32,4,2794,7,21,6,42,52,691,6,9,0,0
mixed-n14-s4,mixed,14,56,3,SAT,11101000100110,0,11,6,32,4,2794,7,21,6,42,741,9773,47,25,0,0
mixed-n14-s4,mixed,14,56,4,SAT,11101000100110,0,11,6,32,4,2794,7,21,6,42,2683,35787,133,40,0,0
planted-n14-s4,planted,14,56,0,SAT,00010000000010,0,3,2,9,0,821,7,21,0,0,0,0,0,0,0,0
planted-n14-s4,planted,14,56,2,SAT,00010000000010,0,3,2,9,0,821,7,21,2,14,15,183,2,6,0,0
planted-n14-s4,planted,14,56,3,SAT,00010000000010,0,2,1,10,0,797,7,21,2,14,655,8106,37,31,0,1
planted-n14-s4,planted,14,56,4,SAT,00010000000010,0,2,1,10,0,797,7,21,2,14,3019,39885,96,62,0,1
cnf-only-n14-s4,cnf-only,14,56,0,SAT,10000100001010,0,5,4,10,0,920,0,0,0,0,0,0,0,0,0,0
cnf-only-n14-s4,cnf-only,14,56,2,SAT,10000100001010,0,5,4,10,0,920,0,0,0,0,0,0,0,0,0,0
cnf-only-n14-s4,cnf-only,14,56,3,SAT,10000100001010,0,5,4,10,0,920,0,0,0,0,0,0,0,0,0,0
cnf-only-n14-s4,cnf-only,14,56,4,SAT,10000100001010,0,5,4,10,0,920,0,0,0,0,0,0,0,0,0,0
mixed-n14-s5,mixed,14,56,0,SAT,11001001010110,0,12,6,29,5,2129,7,21,0,0,0,0,0,0,0,0
mixed-n14-s5,mixed,14,56,2,SAT,11001001010110,0,12,6,29,5,2129,7,21,6,42,238,2912,19,21,0,0
mixed-n14-s5,mixed,14,56,3,SAT,11001001010110,0,10,5,24,4,1956,7,21,6,42,1127,14213,68,34,0,1
mixed-n14-s5,mixed,14,56,4,SAT,11001001010110,0,10,5,24,4,1956,7,21,6,42,6678,87258,238,62,0,1
planted-n14-s5,planted,14,56,0,SAT,10010111000010,0,6,4,20,1,1302,7,21,0,0,0,0,0,0,0,0
planted-n14-s5,planted,14,56,2,SAT,10010111000010,0,6,4,20,1,1302,7,21,4,28,6,61,0,4,0,0
planted-n14-s5,planted,14,56,3,SAT,10010111000010,0,6,4,19,1,1234,7,21,5,35,266,3431,19,17,0,1
planted-n14-s5,planted,14,56,4,SAT,10010111000010,0,6,4,19,1,1234,7,21,5,35,1136,14871,66,35,0,1
cnf-only-n14-s5,cnf-only,14,56,0,UNSAT,,0,19,9,57,10,4930,0,0,0,0,0,0,0,0,0,0
cnf-only-n14-s5,cnf-only,14,56,2,UNSAT,,0,19,9,57,10,4930,0,0,0,0,0,0,0,0,0,0
cnf-only-n14-s5,cnf-only,14,56,3,UNSAT,,0,19,9,57,10,4930,0,0,0,0,0,0,0,0,0,0
cnf-only-n14-s5,cnf-only,14,56,4,UNSAT,,0,19,9,57,10,4930,0,0,0,0,0,0,0,0,0,0
mixed-n14-s6,mixed,14,56,0,SAT,01110100001111,0,10,5,40,4,2811,7,21,0,0,0,0,0,0,0,0
mixed-n14-s6,mixed,14,56,2,SAT,01110100001111,0,10,5,40,4,2811,7,21,5,35,27,352,3,6,0,0
mixed-n14-s6,mixed,14,56,3,SAT,01110100001111,0,9,4,38,4,2474,7,21,8,56,1305,17277,89,27,0,6
mixed-n14-s6,mixed,14,56,4,SAT,01110100001111,0,9,4,38,4,2474,7,21,8,56,4236,56369,195,48,0,6
planted-n14-s6,planted,14,56,0,SAT,01100110001011,0,3,2,12,0,942,7,21,0,0,0,0,0,0,0,0
planted-n14-s6,planted,14,56,2,SAT,01100110001011,0,3,2,12,0,942,7,21,2,14,0,0,0,1,0,0
planted-n14-s6,planted,14,56,3,SAT,01100110001011,0,3,2,12,0,942,7,21,2,14,121,1567,9,12,0,0
planted-n14-s6,planted,14,56,4,SAT,01100110001011,0,3,2,12,0,942,7,21,2,14,490,6298,31,25,0,0
cnf-only-n14-s6,cnf-only,14,56,0,SAT,01001010000100,0,6,5,8,0,952,0,0,0,0,0,0,0,0,0,0
cnf-only-n14-s6,cnf-only,14,56,2,SAT,01001010000100,0,6,5,8,0,952,0,0,0,0,0,0,0,0,0,0
cnf-only-n14-s6,cnf-only,14,56,3,SAT,01001010000100,0,6,5,8,0,952,0,0,0,0,0,0,0,0,0,0
cnf-only-n14-s6,cnf-only,14,56,4,SAT,01001010000100,0,6,5,8,0,952,0,0,0,0,0,0,0,0,0,0
mixed-n14-s7,mixed,14,56,0,SAT,01000011011110,0,9,5,23,3,1950,7,21,0,0,0,0,0,0,0,0
mixed-n14-s7,mixed,14,56,2,SAT,01000011011110,0,7,4,14,2,1489,7,21,5,35,18,236,3,6,0,0
mixed-n14-s7,mixed,14,56,3,SAT,01000011011110,0,3,2,12,0,702,7,21,3,21,276,3501,18,24,0,2
mixed-n14-s7,mixed,14,56,4,SAT,01000011011110,0,3,2,12,0,702,7,21,3,21,703,9062,32,38,0,2
planted-n14-s7,planted,14,56,0,SAT,01001000100101,0,4,2,16,1,1305,7,21,0,0,0,0,0,0,0,0
planted-n14-s7,planted,14,56,2,SAT,01001000100101,0,4,2,16,1,1305,7,21,2,14,3,42,1,3,0,0
planted-n14-s7,planted,14,56,3,SAT,01001000100101,0,4,2,14,1,956,7,21,3,21,1863,24310,80,48,0,2
planted-n14-s7,planted,14,56,4,SAT,01001000100101,0,4,2,14,1,956,7,21,3,21,5391,71739,152,78,0,2
cnf-only-n14-s7,cnf-only,14,56,0,SAT,01000100011110,0,13,7,24,5,2425,0,0,0,0,0,0,0,0,0,0
cnf-only-n14-s7,cnf-only,14,56,2,SAT,01000100011110,0,13,7,24,5,2425,0,0,0,0,0,0,0,0,0,0
cnf-only-n14-s7,cnf-only,14,56,3,SAT,01000100011110,0,13,7,24,5,2425,0,0,0,0,0,0,0,0,0,0
cnf-only-n14-s7,cnf-only,14,56,4,SAT,01000100011110,0,13,7,24,5,2425,0,0,0,0,0,0,0,0,0,0
cycle-n14-0,cycle,14,28,0,SAT,00000000000000,0,2,1,13,0,436,14,28,0,0,0,0,0,0,0,0
cycle-n14-0,cycle,14,28,2,SAT,00000000000000,0,2,1,13,0,436,14,28,1,14,4095,48321,77,91,0,0
cycle-n14-0,cycle,14,28,3,SAT,00000000000000,0,2,1,13,0,436,14,28,1,14,4095,48321,77,91,0,0
cycle-n14-0,cycle,14,28,4,SAT,00000000000000,0,2,1,13,0,436,14,28,1,14,20000,234932,748,762,1,0
cycle-n14-1,cycle,14,28,0,UNSAT,,0,3,1,26,2,816,14,28,0,0,0,0,0,0,0,0
cycle-n14-1,cycle,14,28,2,UNSAT,,0,1,0,0,1,56,14,28,1,14,1111,12131,77,91,0,0
cycle-n14-1,cycle,14,28,3,UNSAT,,0,1,0,0,1,56,14,28,1,14,1111,12131,77,91,0,0
cycle-n14-1,cycle,14,28,4,UNSAT,,0,3,1,26,2,816,14,28,1,14,20000,234932,748,762,1,0
width-gap-0,width-gap,6,16,0,SAT,000000,0,4,3,3,0,149,4,12,0,0,0,0,0,0,0,0
width-gap-0,width-gap,6,16,2,SAT,000000,0,4,3,3,0,149,4,12,3,12,4,23,0,3,0,0
width-gap-0,width-gap,6,16,3,SAT,000000,0,4,3,3,0,149,4,12,3,12,24,142,2,6,0,0
width-gap-0,width-gap,6,16,4,SAT,000000,0,4,3,3,0,149,4,12,3,12,45,264,6,7,0,0
width-gap-1,width-gap,6,16,0,UNSAT,,0,15,7,20,8,440,4,12,0,0,0,0,0,0,0,0
width-gap-1,width-gap,6,16,2,UNSAT,,0,7,3,4,4,304,4,12,7,28,6,34,0,3,0,0
width-gap-1,width-gap,6,16,3,UNSAT,,0,3,1,0,2,128,4,12,3,12,14,81,4,6,0,0
width-gap-1,width-gap,6,16,4,UNSAT,,0,1,0,0,1,48,4,12,1,4,4,23,3,7,0,0
